Source Hashtag,Related Hashtag,Weight
sabahrutini,sebamed,1
sabahrutini,sabahrutini,1
sabahrutini,ciltbakımı,1
sabahrutini,yvesrocher,1
sabahrutini,evhali,1
sabahrutini,sabahrutini,1
sabahrutini,morningroutine,1
sabahrutini,cozy,1
sabahrutini,slowmorning,1
sabahrutini,fyp,1
sabahrutini,sabahrutini,1
sabahrutini,polimatcha,1
sabahrutini,matchday,1
sabahrutini,cilt,1
sabahrutini,ciltbakımrutini,1
sabahrutini,reformerpilates,1
sabahrutini,pilates,1
sabahrutini,sabahrutini,1
sabahrutini,pilatesmotivasyonu,1
sabahrutini,kesfet,1
sabahrutini,viralvideo,1
sabahrutini,tiktok,1
sabahrutini,sabahrutini,1
sabahrutini,morning,1
sabahrutini,sabahrutini,1
sabahrutini,morningroutine,1
sabahrutini,Vlog,1
sabahrutini,benimlebirsabah,1
sabahrutini,Yoga,1
sabahrutini,yoga,1
sabahrutini,iyiyaşam,1
sabahrutini,sabahrutini,1
sabahrutini,sabahrutini,1
sabahrutini,realmorning,1
sabahrutini,uykulumood,1
sabahrutini,kahve,1
sabahrutini,keşfet,1
sabahrutini,benimlebirgün,1
sabahrutini,sabahrutini,1
sabahrutini,journal,1
sabahrutini,sonzamanlardahayat,1
sabahrutini,ciltbakımı,1
sabahrutini,eduschoturkiye,1
sabahrutini,kesfet,1
sabahrutini,coffee,1
sabahrutini,philips,1
sabahrutini,sabahrutini,1
sabahrutini,işehazırlanma,1
sabahrutini,grwm,1
sabahrutini,sabahrutini,1
sabahrutini,storytime,1
sabahrutini,tarteset,1
sabahrutini,morning,1
sabahrutini,morningroutine,1
sabahrutini,rutin,1
sabahrutini,sabahrutini,1
sabahrutini,asmr,1
sabahrutini,MorningRoutine,1
sabahrutini,morningroutine,1
sabahrutini,romanticizeyourlife,1
sabahrutini,pinterestaesthetic,1
sabahrutini,dayinmylife,1
sabahrutini,sabahrutini,1
sabahrutini,sabahrutini,1
sabahrutini,sağlıklıbeslenme,1
sabahrutini,keşfetteyizzz,1
sabahrutini,foryoupage,1
sabahrutini,sağlıklıkahvaltı,1
sabahrutini,sabahrutini,1
sabahrutini,sadeyaşam,1
sabahrutini,keşfet,1
sabahrutini,fypage,1
sabahrutini,fy,1
sabahrutini,öğrencievi,1
sabahrutini,öğrencievivlog,1
sabahrutini,öğrencievindebugün,1
sabahrutini,sabahrutini,1
sabahrutini,günlükvlog,1
sabahrutini,sabahrutini,1
sabahrutini,morninginmylife,1
sabahrutini,corporategirlies,1
sabahrutini,fyp,1
sabahrutini,bebeklihayat,1
sabahrutini,dailyvlog,1
sabahrutini,bizimlebirgün,1
sabahrutini,sabahrutini,1
sabahrutini,reklamdeğil,1
sabahrutini,çağrımerkeziçalışanları,1
sabahrutini,fyppppppppppppppppppppppp,1
sabahrutini,keşfet,1
sabahrutini,ciltbakımı,1
sabahrutini,sabahrutini,1
sabahrutini,sabahrutini,1
sabahrutini,Yoga,1
sabahrutini,yoga,1
sabahrutini,esneme,1
sabahrutini,sabahrutini,1
sabahrutini,iyiyaşam,1
sabahrutini,keşfet,1
sabahrutini,morningvlog,1
sabahrutini,minivlog,1
sabahrutini,sabahrutini,1
sabahrutini,fypp,1
sabahrutini,sabahrutini,1
sabahrutini,SabahRutini,1
sabahrutini,Meditasyon,1
sabahrutini,PlanlıHayat,1
sabahrutini,DüzenliYaşam,1
sabahrutini,Motivasyon,1
sabahrutini,nasılyapılır,1
sabahrutini,egzersiz,1
sabahrutini,yüzegzersizleri,1
sabahrutini,sabahrutini,1
sabahrutini,öncesisonrası,1
sabahrutini,kesfetteyiz,1
sabahrutini,Lifestyle,1
sabahrutini,blog,1
sabahrutini,goodmorning,1
sabahrutini,sabahrutini,1
sabahrutini,GRWM,1
sabahrutini,grwm,1
sabahrutini,sohbetlimakyaj,1
sabahrutini,benimlehazırlan,1
sabahrutini,sabahrutini,1
sabahrutini,ofisgünlükleri,1
sabahrutini,morningvlog,1
sabahrutini,sabahrutini,1
sabahrutini,Vlog,1
sabahrutini,babaogul,1
sabahrutini,güzelanlar,1
sabahrutini,sabahrutini,1
sabahrutini,mahsunkırmızıgül,1
sabahrutini,dinle,1
sabahrutini,kesfet,1
sabahrutini,yoga,1
sabahrutini,fypシ,1
sabahrutini,beniöneçıkart,1
sabahrutini,sabahrutini,1
sabahrutini,MorningRoutine,1
sabahrutini,morningroutine,1
sabahrutini,morningvlog,1
sabahrutini,sabahrutini,1
sabahrutini,annelik,1
sabahrutini,sabahrutini,1
sabahrutini,günlükvlog,1
sabahrutini,trend,1
sabahrutini,mommoments,1
sabahrutini,sabahrutini,1
sabahrutini,dailyvlog,1
sabahrutini,DailyRoutine,1
sabahrutini,günlükvlog,1
sabahrutini,günlükrutinim,1
sabahrutini,sabahrutini,1
sabahrutini,dayvlog,1
sabahrutini,dailyvlog,1
sabahrutini,minivlog,1
sabahrutini,life,1
sabahrutini,healthylifestyle,1
sabahrutini,MorningRoutine,1
sabahrutini,morningroutine,1
sabahrutini,videodiary,1
sabahrutini,sabahrutini,1
sabahrutini,dayinmylife,1
sabahrutini,minivlog,1
sabahrutini,sabahrutini,1
sabahrutini,keşfet,1
sabahrutini,keşfetteyizzz,1
sabahrutini,Vlog,1
sabahrutini,keşfet,1
sabahrutini,evlilik,1
sabahrutini,sabahrutini,1
sabahrutini,morning,1
sabahrutini,sabahrutini,1
sabahrutini,Vlog,1
sabahrutini,fypage,1
sabahrutini,GRWM,1
sabahrutini,grwm,1
sabahrutini,benimlehazırlan,1
sabahrutini,sabahrutini,1
sabahrutini,mastit,1
sabahrutini,sabahrutini,1
sabahrutini,emzirmedanışmanlığı,1
sabahrutini,sütsağım,1
sabahrutini,anneolmak,1
sabahrutini,sabahrutini,1
sabahrutini,sabahrutinim,1
sabahrutini,morningroutine,1
sabahrutini,morningroutineaesthetic,1
sabahrutini,bebek,1
sabahrutini,keşfetteyizzz,1
sabahrutini,sabahrutini,1
sabahrutini,pov,1
sabahrutini,keşfet,1
sabahrutini,GRWM,1
sabahrutini,grwm,1
sabahrutini,sabahrutini,1
sabahrutini,hamileanneler🤰,1
sabahrutini,hamileanneler,1
sabahrutini,sabahrutini,1
sabahrutini,asmr,1
sabahrutini,asmrsounds,1
sabahrutini,ikizler,1
sabahrutini,okulzamanı,1
sabahrutini,sabahrutini,1
sabahrutini,ikizanneleri,1
sabahrutini,çocukluev,1
sabahrutini,sabahrutini,1
sabahrutini,dailyvlog,1
sabahrutini,DailyRoutine,1
sabahrutini,balıkesir,1
sabahrutini,babaylazoryarisirlar,1
sabahrutini,sabahrutini,1
sabahrutini,SabahRutini,1
sabahrutini,Meditasyon,1
sabahrutini,PlanlıHayat,1
sabahrutini,DüzenliYaşam,1
sabahrutini,Motivasyon,1
sabahrutini,hemşire,1
sabahrutini,nöbet,1
sabahrutini,birgünüm,1
sabahrutini,sabahrutini,1
sabahrutini,hemşirehanım,1
sabahrutini,morningreset,1
sabahrutini,morningroutine,1
sabahrutini,wellnesstok,1
sabahrutini,dailyhabits,1
sabahrutini,selfcareroutine,1
sabahrutini,SelfCare,1
sabahrutini,sabahrutini,1
sabahrutini,fyp,1
sabahrutini,viral,1
sabahrutini,MorningRoutine,1
sabahrutini,morningroutine,1
sabahrutini,morningvibes,1
sabahrutini,sabahrutini,1
sabahrutini,slowlivinglifestyle,1
sabahrutini,booksandcoffee,1
sabahrutini,keşfet,1
sabahrutini,fyp,1
sabahrutini,morningroutine,1
sabahrutini,morningvibes,1
sabahrutini,sabahrutini,1
sabahrutini,benimlebirsabah,1
sabahrutini,sabahrutini,1
sabahrutini,morningroutine,1
sabahrutini,Vlog,1
sabahrutini,fyp,1
sabahrutini,sabahrutini,1
sabahrutini,enerjikyaşam,1
sabahrutini,günesbaşla,1
sabahrutini,sagliklialiskanliklar,1
sabahrutini,morningroutine,1
sabahrutini,sonzamanlardahayat,1
sabahrutini,sabahrutini,1
sabahrutini,benimlebirgün,1
sabahrutini,rutin,1
sabahrutini,ciltbakımı,1
sabahrutini,keşfet,1
sabahrutini,Vlog,1
sabahrutini,sabahrutini,1
sabahrutini,morningroutine,1
sabahrutini,keşfetteyiz,1
sabahrutini,sabahrutini,1
sabahrutini,bebek,1
sabahrutini,yenidoğan,1
sabahrutini,kahvaltı,1
sabahrutini,fyp,1
sabahrutini,soğukduş,1
sabahrutini,SoğukDuş,1
sabahrutini,SabahRutini,1
sabahrutini,EnerjikBaşlangıç,1
sabahrutini,YaşamTarzı,1
sabahrutini,GüneBaşla,1
sabahrutini,sabahrutini,1
sabahrutini,morningroutine,1
sabahrutini,chiapudding,1
sabahrutini,breakfastbowl,1
sabahrutini,sabahvlogu,1
sabahrutini,sukesintisi,1
sabahrutini,annelikhali,1
sabahrutini,günlükvlog,1
sabahrutini,sabahrutini,1
sabahrutini,annelik,1
sabahrutini,MorningRoutine,1
sabahrutini,morningroutine,1
sabahrutini,routine,1
sabahrutini,morningvibes,1
sabahrutini,sabah,1
sabahrutini,sabahrutini,1
sabahrutini,kahvekeyfi,1
sabahrutini,trend,1
sabahrutini,coffee,1
sabahrutini,sabahrutini,1
sabahrutini,yağmur,1
sabahrutini,benimleişehazırlan,1
sabahrutini,sabahrutini,1
sabahrutini,sağlıklıbeslenme,1
sabahrutini,keşfetteyizzz,1
sabahrutini,foryoupage,1
sabahrutini,sabahrutini,1
sabahrutini,grwm,1
sabahrutini,ciltbakım,1
sabahrutini,sabahrutini,1
sabahrutini,sağlıklıbeslenme,1
sabahrutini,benimlehazırlan,1
sabahrutini,keşfetteyizzz,1
sabahrutini,foryoupage,1
sabahrutini,keşfet,1
sabahrutini,grwmmakeup,1
sabahrutini,makeup,1
sabahrutini,benimlehazırlan,1
sabahrutini,sabahrutini,1
sabahrutini,kesfetteyiz,1
sabahrutini,sabahrutini,1
sabahrutini,rutin,1
sabahrutini,sabahrutini,1
sabahrutini,morningroutine,1
sabahrutini,corporatelife,1
sabahrutini,Vlog,1
sabahrutini,propia,1
sabahrutini,sabahrutini,1
sabahrutini,lipbalm,1
sabahrutini,pimplepatch,1
sabahrutini,ciltbakımı,1
sabahrutini,capsuleofuss,1
öncesisonrası,kamera,1
öncesisonrası,eskiyeni,1
öncesisonrası,öncesisonrası,1
öncesisonrası,beforeafter,1
öncesisonrası,keşfet,1
öncesisonrası,evdespor,1
öncesisonrası,zayıflamayolculuğu,1
öncesisonrası,benimleçalış,1
öncesisonrası,fitmotivasyon,1
öncesisonrası,öncesisonrası,1
öncesisonrası,öncesisonrası,1
öncesisonrası,ÖncesiSonrası,1
öncesisonrası,YeniSen,1
öncesisonrası,değişim,1
öncesisonrası,motivasyon,1
öncesisonrası,öncesisonrası,1
öncesisonrası,fitjourney,1
öncesisonrası,azim,1
öncesisonrası,Cinematic,1
öncesisonrası,cinematic,1
öncesisonrası,filmgibi,1
öncesisonrası,öncesisonrası,1
öncesisonrası,dönüşüm,1
öncesisonrası,aiprompt,1
öncesisonrası,öncesisonrası,1
öncesisonrası,keşfetteyiz,1
öncesisonrası,kiloverdim,1
öncesisonrası,motivasyon,1
öncesisonrası,fypシ,1
öncesisonrası,simittoka,1
öncesisonrası,beniöneçıkart,1
öncesisonrası,keşfet,1
öncesisonrası,keşfetteyiz,1
öncesisonrası,öncesisonrası,1
öncesisonrası,pyfツviral_,1
öncesisonrası,protezsaç,1
öncesisonrası,ProtezSaç,1
öncesisonrası,ÖncesiSonrası,1
öncesisonrası,YeniBirSen,1
öncesisonrası,lostra,1
öncesisonrası,kartallostra,1
öncesisonrası,ayakkabıonarımı,1
öncesisonrası,ayakkabıbakımı,1
öncesisonrası,öncesisonrası,1
öncesisonrası,nasılyapılır,1
öncesisonrası,egzersiz,1
öncesisonrası,yüzegzersizleri,1
öncesisonrası,sabahrutini,1
öncesisonrası,öncesisonrası,1
öncesisonrası,saçekimi,1
öncesisonrası,prptreatment,1
öncesisonrası,öncesisonrası,1
öncesisonrası,beforeafter,1
öncesisonrası,hairstyle,1
öncesisonrası,bandırma,1
öncesisonrası,detailing,1
öncesisonrası,öncesisonrası,1
öncesisonrası,honda,1
öncesisonrası,reklam,1
öncesisonrası,kilover,1
öncesisonrası,öncesisonrası,1
öncesisonrası,zayiflamak,1
öncesisonrası,bilinc,1
öncesisonrası,hairlesslifee,1
öncesisonrası,HairlessLifee,1
öncesisonrası,KolajenBakımı,1
öncesisonrası,CiltBakımı,1
öncesisonrası,ÖncesiSonrası,1
öncesisonrası,GençlikIşıltısı,1
öncesisonrası,kamuflajmakyaj,1
öncesisonrası,KamuflajMakyaj,1
öncesisonrası,ÇatlakKapatma,1
öncesisonrası,ÖncesiSonrası,1
öncesisonrası,SeherKamuflajMakyaj,1
öncesisonrası,PürüzsüzCilt,1
öncesisonrası,öncesisonrası,1
öncesisonrası,doğumsonrası,1
öncesisonrası,kendimezaman,1
öncesisonrası,motivasyon,1
öncesisonrası,diyetteyim,1
öncesisonrası,trend,1
öncesisonrası,keşfetteyizzz,1
öncesisonrası,keşfetbeniöneçıkart,1
öncesisonrası,öncesisonrası,1
öncesisonrası,kilovermekisteyenler,1
öncesisonrası,Renovation,1
öncesisonrası,renovation,1
öncesisonrası,m,1
öncesisonrası,mutfaktasarımıi,1
öncesisonrası,icmimarlıkd,1
öncesisonrası,dekorasyonö,1
öncesisonrası,öncesisonrası,1
öncesisonrası,öncesisonrası,1
öncesisonrası,mobilyadönüşümü,1
öncesisonrası,kurslardabaşladı,1
öncesisonrası,CapCut,1
öncesisonrası,capcut,1
öncesisonrası,nasılvirallolurum,1
öncesisonrası,capcut_edit,1
öncesisonrası,görbunukeşfet,1
öncesisonrası,toprakkale,1
öncesisonrası,vanessaangel,1
öncesisonrası,keşfet,1
öncesisonrası,tiktoknews,1
öncesisonrası,vireal_video_tiktoktreanding,1
öncesisonrası,öncesisonrası,1
öncesisonrası,nasıl,1
öncesisonrası,viral,1
öncesisonrası,olurum,1
öncesisonrası,düşürbenikeşfete,1
öncesisonrası,emaxlamine,1
öncesisonrası,gülüştasarımı,1
öncesisonrası,estetikdiş,1
öncesisonrası,öncesisonrası,1
öncesisonrası,dişestetiği,1
öncesisonrası,gym,1
öncesisonrası,gymgirl,1
öncesisonrası,kesfetteyiz,1
öncesisonrası,Fitness,1
öncesisonrası,öncesisonrası,1
öncesisonrası,saçsimülasyonu,1
öncesisonrası,saçdökülmesi,1
öncesisonrası,öncesisonrası,1
öncesisonrası,hairtattoo,1
öncesisonrası,öncesisonrası,1
öncesisonrası,gelişim,1
öncesisonrası,motortutkusu,1
öncesisonrası,hız,1
öncesisonrası,challenge,1
öncesisonrası,temizlikmaratonu,1
öncesisonrası,temizlikrutini,1
öncesisonrası,evtemizliği,1
öncesisonrası,enerjikgün,1
öncesisonrası,öncesisonrası,1
öncesisonrası,öncesisonrası,1
öncesisonrası,kiloverme,1
öncesisonrası,dönüşüm,1
öncesisonrası,zayıflama,1
öncesisonrası,sağlıklıyaşam,1
öncesisonrası,viralvideo,1
öncesisonrası,FYP,1
öncesisonrası,Keşfet,1
öncesisonrası,ÖncesiSonrası,1
öncesisonrası,AraçDetayTemizlik,1
öncesisonrası,muteksmakina,1
öncesisonrası,parçayıkamamakinesi,1
öncesisonrası,endüstriyelparcayikamamakinesi,1
öncesisonrası,sulukumlama,1
öncesisonrası,öncesisonrası,1
öncesisonrası,bysadettinkuaför,1
öncesisonrası,saçkaynak,1
öncesisonrası,öncesisonrası,1
öncesisonrası,hairtransformation,1
öncesisonrası,öncesisonrası,1
öncesisonrası,açmaboyama,1
öncesisonrası,keşfetteyizzz,1
öncesisonrası,bursakestel,1
öncesisonrası,salongültenkuaför,1
öncesisonrası,fixhane,1
öncesisonrası,Fixhane,1
öncesisonrası,Keşfet,1
öncesisonrası,FYP,1
öncesisonrası,ÖncesiSonrası,1
öncesisonrası,ViralVideo,1
öncesisonrası,lavieestta,1
öncesisonrası,Lavieestta,1
öncesisonrası,öncesisonrası,1
öncesisonrası,estetik,1
öncesisonrası,güzellik,1
öncesisonrası,fyp,1
öncesisonrası,magicmilk,1
öncesisonrası,fyp,1
öncesisonrası,wonder,1
öncesisonrası,öncesisonrası,1
öncesisonrası,forx5,1
öncesisonrası,fixhane,1
öncesisonrası,Fixhane,1
öncesisonrası,Keşfet,1
öncesisonrası,FYP,1
öncesisonrası,ÖncesiSonrası,1
öncesisonrası,ViralVideo,1
sporsalonu,ipatlama,1
sporsalonu,sporsalonu,1
sporsalonu,cardio,1
sporsalonu,spor,1
sporsalonu,para,1
sporsalonu,peder,1
sporsalonu,sporsalonu,1
sporsalonu,fitness,1
sporsalonu,ev,1
sporsalonu,sporsalonu,1
sporsalonu,etimesgut,1
sporsalonu,ankara,1
sporsalonu,bodrum,1
sporsalonu,vucudgelistirme,1
sporsalonu,sporsalonu,1
sporsalonu,bodrumgeceleri,1
sporsalonu,taksim,1
sporsalonu,bjj,1
sporsalonu,BJJ,1
sporsalonu,UFC,1
sporsalonu,mma,1
sporsalonu,eskişehir,1
sporsalonu,sporsalonu,1
sporsalonu,antalya,1
sporsalonu,konyaaltı,1
sporsalonu,sporsalonu,1
sporsalonu,fyp,1
sporsalonu,benchpress,1
sporsalonu,sporsalonu,1
sporsalonu,gym,1
sporsalonu,gym,1
sporsalonu,sporsalonu,1
sporsalonu,keşfet,1
sporsalonu,fypageシ,1
sporsalonu,gymmotivation,1
sporsalonu,spor,1
sporsalonu,sports,1
sporsalonu,sporsalonu,1
sporsalonu,sivasmerkez,1
sporsalonu,sivas,1
sporsalonu,spor,1
sporsalonu,sporsalonu,1
sporsalonu,hornetskadıkoy,1
sporsalonu,sokakkedisi,1
sporsalonu,türkiye,1
sporsalonu,gym,1
sporsalonu,spor,1
sporsalonu,sporsalonu,1
sporsalonu,tiktok,1
sporsalonu,vücutgeliştirme,1
sporsalonu,yapayzeka,1
sporsalonu,ai,1
sporsalonu,sporsalonu,1
sporsalonu,gym,1
sporsalonu,gym,1
sporsalonu,spor,1
sporsalonu,sporsalonu,1
sporsalonu,tiktok,1
sporsalonu,vücutgeliştirme,1
sporsalonu,bjj,1
sporsalonu,BJJ,1
sporsalonu,UFC,1
sporsalonu,mma,1
sporsalonu,eskişehir,1
sporsalonu,sporsalonu,1
fitnesstok,gym,1
fitnesstok,personaltrainer,1
fitnesstok,fitnesstok,1
fitnesstok,فيتامينات,1
fitnesstok,Motivation,1
fitnesstok,motivation,1
fitnesstok,discipline,1
fitnesstok,fitnesstok,1
fitnesstok,manifestation,1
fitnesstok,GymTok,1
fitnesstok,onlinecoach,1
fitnesstok,fitnesstipsforbeginners,1
fitnesstok,fitnesstok,1
fitnesstok,gymtipsforbeginners,1
fitnesstok,selfimprovementdaily,1
fitnesstok,FitnessTok,1
fitnesstok,fitnesstok,1
fitnesstok,fitnessinfluencer,1
fitnesstok,fitnessinspiration,1
fitnesstok,fitnesstips,1
fitnesstok,fitnesscommunity,1
fitnesstok,girlswholift,1
fitnesstok,legday,1
fitnesstok,glutesworkout,1
fitnesstok,fitnesstok,1
fitnesstok,GymTok,1
fitnesstok,fitnessjourney,1
fitnesstok,fitnesstok,1
fitnesstok,womenworkouts,1
fitnesstok,workoutmotivation,1
fitnesstok,wellnessgirl,1
fitnesstok,SelfCare,1
fitnesstok,saunaroutine,1
fitnesstok,fitnesstok,1
fitnesstok,glowupseason,1
fitnesstok,fyp,1
fitnesstok,gymmotivation,1
fitnesstok,gymtiktok,1
fitnesstok,fitnesstok,1
fitnesstok,fitgirls,1
fitnesstok,FoodTok,1
fitnesstok,proteinrecipe,1
fitnesstok,garlicbread,1
fitnesstok,highprotein,1
fitnesstok,funnyfood,1
fitnesstok,recipefail,1
fitnesstok,fyp,1
fitnesstok,fyppppppppppppppppppppppp,1
fitnesstok,fypシ,1
fitnesstok,foryoupage,1
fitnesstok,lazychef,1
fitnesstok,fitnessfood,1
fitnesstok,foodmemes,1
fitnesstok,cheesybread,1
fitnesstok,satisfyingvideo,1
fitnesstok,cheese,1
fitnesstok,foodcomedy,1
fitnesstok,proteinbread,1
fitnesstok,viralrecipe,1
fitnesstok,homechef,1
fitnesstok,fitnesstok,1
fitnesstok,kitchentok,1
fitnesstok,Foodie,1
fitnesstok,funnycooking,1
fitnesstok,chaoskitchen,1
fitnesstok,EasyRecipe,1
fitnesstok,lazyrecipe,1
fitnesstok,cookingfail,1
fitnesstok,finedining,1
fitnesstok,viralfood,1
fitnesstok,gymgirl,1
fitnesstok,fitnesshottakes,1
fitnesstok,fitnesstok,1
fitnesstok,realtalk,1
fitnesstok,wellnessgirl,1
fitnesstok,GymTok,1
fitnesstok,fitnessmotivation,1
fitnesstok,strengthtraining,1
fitnesstok,fitness,1
fitnesstok,fitnesstok,1
fitnesstok,gymmemes,1
fitnesstok,liftinghumor,1
fitnesstok,GymTok,1
fitnesstok,fitnesstok,1
fitnesstok,fitnesshumor,1
fitnesstok,gymgirl,1
fitnesstok,GymGirl,1
fitnesstok,FitnessTok,1
fitnesstok,viralvideo,1
fitnesstok,tiktok,1
fitnesstok,foryou,1
fitnesstok,backworkout,1
fitnesstok,gymgirl,1
fitnesstok,strengthtraining,1
fitnesstok,fitnesstok,1
fitnesstok,wellnessgirl,1
fitnesstok,fitnessjourney,1
fitnesstok,fitnesstok,1
fitnesstok,womenworkouts,1
fitnesstok,workoutmotivation,1
fitnesstok,therexfit,1
fitnesstok,gymmemes,1
fitnesstok,gymhumour,1
fitnesstok,fitnesstok,1
fitnesstok,bodybuilding,1
fitnesstok,therexfit,1
fitnesstok,gymmemes,1
fitnesstok,gymmotivation,1
fitnesstok,gymhumour,1
fitnesstok,fitnesstok,1
fitnesstok,GymTok,1
fitnesstok,gymrat,1
fitnesstok,fitnesstok,1
fitnesstok,GlowUp,1
fitnesstok,CapCut,1
fitnesstok,creatina,1
fitnesstok,nutricao,1
fitnesstok,fitnesstok,1
fitnesstok,academia,1
fitnesstok,suplemento,1
fitnesstok,fitnessjourney,1
fitnesstok,fitnesstok,1
fitnesstok,womenworkouts,1
fitnesstok,workoutmotivation,1
fitnesstok,foryou,1
fitnesstok,fyp,1
fitnesstok,fitnesstok,1
fitnesstok,FitnessTok,1
fitnesstok,fitnesstok,1
fitnesstok,fitnessmotivat,1
fitnesstok,fyp,1
fitnesstok,Motivation,1
fitnesstok,motivation,1
fitnesstok,discipline,1
fitnesstok,grindset,1
fitnesstok,fitnesstok,1
fitnesstok,gymmotivation,1
fitnesstok,cardio,1
fitnesstok,fitnesstok,1
fitnesstok,GymTok,1
fitnesstok,gymgirly,1
fitnesstok,gymgirlies,1
fitnesstok,whitneyambogo,1
fitnesstok,fitnessmodel,1
fitnesstok,gymgirlie,1
fitnesstok,fitnessmotivation,1
fitnesstok,fitnesstok,1
fitnesstok,fyp,1
fitnesstok,foryou,1
fitnesstok,foryoupage,1
fitnesstok,viral,1
fitnesstok,trending,1
fitnesstok,tiktok,1
fitnesstok,tiktoktrend,1
fitnesstok,tiktokviral,1
fitnesstok,explore,1
fitnesstok,funny,1
fitnesstok,comedy,1
fitnesstok,relatable,1
fitnesstok,lol,1
fitnesstok,meme,1
fitnesstok,duet,1
fitnesstok,stitch,1
fitnesstok,reaction,1
fitnesstok,soundrecommendation,1
fitnesstok,trendingmusic,1
fitnesstok,viralvideos,1
fitnesstok,dancechallenge,1
fitnesstok,lipSync,1
fitnesstok,LifeHack,1
fitnesstok,howto,1
fitnesstok,storytime,1
fitnesstok,motivation,1
fitnesstok,inspiration,1
fitnesstok,SelfCare,1
fitnesstok,aesthetic,1
fitnesstok,FoodTok,1
fitnesstok,Recipe,1
fitnesstok,cooking,1
fitnesstok,fitnesstok,1
fitnesstok,GymTok,1
fitnesstok,workout,1
fitnesstok,OOTD,1
fitnesstok,fashiontok,1
fitnesstok,styleinspo,1
fitnesstok,gametok,1
fitnesstok,gaminglife,1
fitnesstok,streamer,1
fitnesstok,moneytok,1
fitnesstok,hustle,1
fitnesstok,entrepreneur,1
fitnesstok,indoorcycling,1
fitnesstok,spininstructor,1
fitnesstok,fitness,1
fitnesstok,fitnessjourney,1
fitnesstok,charleston,1
fitnesstok,chs,1
fitnesstok,southcarolina,1
fitnesstok,choreography,1
fitnesstok,fitnesstok,1
fitnesstok,bodiedbyjeffie,1
fitnesstok,fitnesstok,1
fitnesstok,squatober,1
fitnesstok,blackgymgirl,1
fitnesstok,squatchallenge,1
fitnesstok,Fitness,1
fitnesstok,fitness,1
fitnesstok,fitnesstok,1
fitnesstok,trainingtips,1
fitnesstok,lifestylechange,1
fitnesstok,motivation,1
fitnesstok,αδυνάτισμα,1
fitnesstok,διατροφή,1
fitnesstok,λίπος,1
fitnesstok,weightloss,1
fitnesstok,fatloss,1
fitnesstok,healthylifestyle,1
fitnesstok,fitnesstok,1
fitnesstok,bodypositivity,1
fitnesstok,greektiktok,1
fitnesstok,FitnessTok,1
fitnesstok,fitnesstok,1
fitnesstok,fulldayofeating,1
fitnesstok,GymTok,1
fitnesstok,healthylifestyle,1
fitnesstok,fitnessjourney,1
fitnesstok,fitgirltips,1
fitnesstok,gymprogress,1
fitnesstok,fitnessgirl,1
fitnesstok,fitnesstok,1
fitnesstok,fypシ,1
fitnesstok,gymgirlies,1
fitnesstok,GymTok,1
fitnesstok,fitnesscontent,1
fitnesstok,fitnesstok,1
fitnesstok,gymgirl,1
fitnesstok,fyp,1
fitnesstok,gymmotivation,1
fitnesstok,fitnesstok,1
fitnesstok,weightlifting,1
fitnesstok,gymsharkwomen,1
antrenör,yyıldızz,1
antrenör,futbol,1
antrenör,antrenör,1
antrenör,fypシ,1
antrenör,küçükçekmece,1
antrenör,CapCut,1
antrenör,antrenör,1
antrenör,hakemler,1
antrenör,futbol,1
antrenör,keşfetbeniöneçıkarttiktok,1
antrenör,yıldızacademy,1
antrenör,kayseri,1
antrenör,antrenör,1
antrenör,antrenör,1
antrenör,spor,1
antrenör,fyppppppppppppppppppppppp,1
antrenör,keşfet,1
antrenör,antrenör,1
antrenör,kesfet,1
antrenör,antrenör,1
antrenör,coach,1
antrenör,besyo,1
antrenör,karate,1
antrenör,wkf,1
antrenör,karatetürk,1
antrenör,combat,1
antrenör,coach,1
antrenör,antrenör,1
antrenör,kumite,1
antrenör,kesfet,1
antrenör,trending,1
antrenör,antrenör,1
antrenör,binici,1
antrenör,equestrian,1
antrenör,atbinme,1
antrenör,keşfet,1
antrenör,antrenör,1
antrenör,europeanuniversityoflefke,1
antrenör,kıbrıs,1
antrenör,lefkeavrupaüniversitesi,1
antrenör,Futbol,1
antrenör,futbol,1
antrenör,antrenör,1
antrenör,hoca,1
antrenör,tiktok,1
antrenör,kesfet,1
antrenör,Futbol,1
antrenör,futbol,1
antrenör,antrenör,1
antrenör,kesfet,1
antrenör,fyp,1
antrenör,kesfet,1
antrenör,antrenör,1
antrenör,gures,1
antrenör,fyppppppppppppppppppppppp,1
antrenör,iştensalona,1
antrenör,İştenSalona,1
antrenör,Vlog,1
antrenör,antrenör,1
antrenör,trainer,1
antrenör,fitness,1
antrenör,antrenör,1
antrenör,teknikdirektör,1
antrenör,futbol,1
antrenör,fyppppppppppppppppppppppp,1
antrenör,keşfet,1
antrenör,yıldızacademy,1
antrenör,kayseri,1
antrenör,antrenör,1
antrenör,burunestetigi,1
antrenör,rinoplastia,1
antrenör,rinoplasti,1
antrenör,tenis,1
antrenör,antrenör,1
antrenör,özelders,1
antrenör,antrenör,1
antrenör,spor,1
antrenör,personaltrainer,1
antrenör,boks,1
antrenör,antrenör,1
antrenör,voleyboll,1
antrenör,foryoupage,1
antrenör,keşfetbeniöneçıkar,1
antrenör,yağızaaşığımdiyincekeşfetoluyomuş,1
antrenör,emotional,1
antrenör,antreprenoriat,1
antrenör,antrenör,1
antrenör,hoca,1
antrenör,voleybol,1
antrenör,yüzme,1
antrenör,antrenör,1
antrenör,ankara,1
antrenör,keşfet,1
antrenör,kickboxing,1
antrenör,kesfetbeniöneçıkart,1
antrenör,coach,1
antrenör,antrenör,1
antrenör,antrenör,1
antrenör,fypシ,1
antrenör,personaltrainer,1
antrenör,CapCut,1
antrenör,kickboks,1
antrenör,taekwondo,1
antrenör,fitness,1
antrenör,doğalyaşam,1
antrenör,antrenör,1
antrenör,hakem,1
antrenör,sincan,1
antrenör,coach,1
antrenör,airport,1
antrenör,wakko,1
antrenör,spor,1
antrenör,keşfet,1
antrenör,kickboks,1
antrenör,antrenör,1
antrenör,antrenör,1
antrenör,keşfet,1
antrenör,keşfet,1
antrenör,keşfetteyiz,1
antrenör,futbol,1
antrenör,antrenör,1
antrenör,futbolcu,1
antrenör,Futbol,1
antrenör,futbol,1
antrenör,antrenör,1
antrenör,nimet,1
antrenör,keşfet,1
antrenör,fyppppppppppppppppppppppp,1
antrenör,keşfet,1
antrenör,tokat,1
antrenör,togü,1
antrenör,besyo,1
antrenör,antrenör,1
antrenör,fypage,1
antrenör,antrenör,1
antrenör,fypシ,1
antrenör,keşfet,1
antrenör,antrenör,1
antrenör,arkadaş,1
antrenör,fyp,1
antrenör,taekwondo,1
antrenör,balikesir10,1
antrenör,keşfetteyizzz,1
antrenör,kickboks,1
antrenör,keşfet,1
antrenör,fyp,1
antrenör,wellness,1
antrenör,herkesiçinspor,1
antrenör,tdk,1
antrenör,balıkesir,1
antrenör,altıeylül,1
antrenör,antrenör,1
antrenör,sporcu,1
antrenör,mücadele,1
antrenör,yenisalon,1
antrenör,BodyBuilding,1
antrenör,bodybuilding,1
antrenör,yapayzeka,1
antrenör,fitness,1
antrenör,fitnessmotivation,1
antrenör,antrenör,1
antrenör,kickboks,1
antrenör,taekwondo,1
antrenör,fitness,1
antrenör,doğalyaşam,1
antrenör,antrenör,1
antrenör,hakem,1
antrenör,boks,1
antrenör,sincan,1
antrenör,coach,1
antrenör,wakko,1
antrenör,wtf,1
antrenör,airport,1
antrenör,cimnastik,1
antrenör,taekwondo,1
antrenör,tkdgirl,1
antrenör,tkdlife,1
antrenör,antrenör,1
antrenör,keşfetteyizz,1
antrenör,besyo,1
antrenör,antrenör,1
antrenör,makü,1
antrenör,fyppppppppppppppppppppppp,1
antrenör,keşfetteyizzz,1
antrenör,antrenör,1
antrenör,keşfetteyiz,1
antrenör,diyet,1
antrenör,antrenör,1
antrenör,beniöneçıkart,1
antrenör,ekip,1
antrenör,antrenör,1
antrenör,thof,1
antrenör,yarısma,1
antrenör,fyp,1
antrenör,migren,1
antrenör,antrenör,1
antrenör,fitness,1
antrenör,sağlık,1
antrenör,bodybuilding,1
antrenör,antrenör,1
antrenör,Futbol,1
antrenör,futbol,1
antrenör,futbolcu,1
antrenör,antrenman,1
antrenör,egzersiz,1
antrenör,idman,1
antrenör,sporcu,1
antrenör,antrenör,1
antrenör,altyapı,1
antrenör,futbolantrenörü,1
antrenör,futbolakademisi,1
antrenör,futbolakademi,1
antrenör,footballcoach,1
antrenör,soccercoach,1
antrenör,1on1training,1
antrenör,düzce,1
antrenör,speed,1
antrenör,power,1
antrenör,endurance,1
antrenör,training,1
antrenör,soccertraining,1
antrenör,explosiveness,1
antrenör,explosivepower,1
antrenör,saq,1
antrenör,footballtraining,1
antrenör,sprint,1
antrenör,athlete,1
antrenör,atletikperformans,1
antrenör,kondisyon,1
antrenör,soccerskills,1
antrenör,iştensalona,1
antrenör,İştenSalona,1
antrenör,Vlog,1
antrenör,antrenör,1
antrenör,trainer,1
antrenör,fitness,1
antrenör,uzmancavuş,1
antrenör,antalya,1
antrenör,antrenör,1
antrenör,beşiktaş,1
antrenör,eğitim,1
antrenör,altyapı,1
antrenör,antrenör,1
antrenör,öğretmen,1
antrenör,hoca,1
antrenör,personaltrainer,1
antrenör,antrenör,1
antrenör,kürdish,1
antrenör,fypage,1
antrenör,akımvideoları,1
antrenör,cimnastik,1
antrenör,antrenman,1
antrenör,antrenör,1
antrenör,back,1
antrenör,ulus,1
antrenör,antrenör,1
antrenör,kürdish,1
antrenör,fypage,1
antrenör,kürtçeşarkılar,1
antrenör,fypシ,1
antrenör,fypage,1
antrenör,kürdish,1
antrenör,antrenör,1
antrenör,akımvideoları,1
antrenör,volleyball,1
antrenör,antrenör,1
antrenör,keşfet,1
antrenör,beniöneçıkart,1
antrenör,voleyballplayer,1
antrenör,konser,1
antrenör,protokol,1
antrenör,kesfet,1
antrenör,bedeneğitimi,1
antrenör,antrenör,1
antrenör,keşfet,1
antrenör,antrenör,1
antrenör,boks,1
antrenör,antrenör,1
antrenör,kickboxing,1
antrenör,wushukungfu,1
antrenör,muaythai,1
antrenör,kesfet,1
antrenör,keşfetteyizzz,1
antrenör,kesfetbeniöneçıkart,1
antrenör,taekwondo,1
antrenör,antrenör,1
antrenör,iştensalona,1
antrenör,İştenSalona,1
antrenör,Vlog,1
antrenör,antrenör,1
antrenör,trainer,1
antrenör,fitness,1
antrenör,besyo,1
antrenör,besyocuyuz,1
antrenör,antrenör,1
plankchallenge,palida73,1
plankchallenge,plankchallenge,1
plankchallenge,腹筋トレーニング,1
plankchallenge,workoutfromhome,1
plankchallenge,โปรต,1
plankchallenge,alioga,1
plankchallenge,Octoberfest,1
plankchallenge,plankchallenge,1
plankchallenge,funfitness,1
plankchallenge,equipazotiktokspfitymas,1
plankchallenge,coreworkouts,1
plankchallenge,workoutforwomen,1
plankchallenge,reformerworkout,1
plankchallenge,plankchallenge,1
plankchallenge,reformerflow,1
plankchallenge,plankchallenge,1
plankchallenge,planken,1
plankchallenge,plankchallenge,1
plankchallenge,octoberchallenge,1
plankchallenge,fitness,1
plankchallenge,fyp,1
plankchallenge,trening,1
plankchallenge,coreworkout,1
plankchallenge,plankchallenge,1
plankchallenge,stabilizacja,1
plankchallenge,bosu,1
plankchallenge,plank,1
plankchallenge,plankchallenge,1
plankchallenge,plankchallenge,1
plankchallenge,Motivation,1
plankchallenge,plankchallenge,1
plankchallenge,cardioworkout,1
plankchallenge,staystrong,1
plankchallenge,firnesschallenge,1
plankchallenge,workoutmotivation,1
plankchallenge,twitter,1
plankchallenge,plankchallenge,1
plankchallenge,nokia,1
plankchallenge,pilates,1
plankchallenge,pilatesinstructor,1
plankchallenge,matcha,1
plankchallenge,girldate,1
plankchallenge,workout,1
plankchallenge,reformer,1
plankchallenge,pilatesgirls,1
plankchallenge,pilatesflow,1
plankchallenge,plankchallenge,1
plankchallenge,pilatesinspo,1
plankchallenge,abworkout,1
plankchallenge,mymood,1
plankchallenge,gymgirl,1
plankchallenge,30daychallenge,1
plankchallenge,mindset,1
plankchallenge,mealprep,1
plankchallenge,fitnesscheck,1
plankchallenge,fitnessmotivation,1
plankchallenge,plankchallenge,1
plankchallenge,howto,1
plankchallenge,teen,1
plankchallenge,spotlight,1
plankchallenge,plankchallenge,1
plankchallenge,PlankChallenge,1
plankchallenge,PlankStruggles,1
plankchallenge,FYP,1
plankchallenge,WorkoutChallenge,1
plankchallenge,Fitness,1
plankchallenge,plankchallenge,1
plankchallenge,planks,1
plankchallenge,plankchallenge,1
plankchallenge,plankworkout,1
plankchallenge,sideplank,1
plankchallenge,workoutchallenge,1
plankchallenge,gymmotivation,1
plankchallenge,pilates,1
plankchallenge,plankchallenge,1
plankchallenge,clubpilates,1
plankchallenge,fyp,1
plankchallenge,reformer,1
plankchallenge,reformerpilates,1
plankchallenge,pilatesinstructor,1
plankchallenge,plankchallenge,1
plankchallenge,girlpower,1
plankchallenge,calisthenics,1
plankchallenge,Calisthenics,1
plankchallenge,CoreWorkout,1
plankchallenge,BodyweightTraining,1
plankchallenge,FitnessJourney,1
plankchallenge,Lsit,1
plankchallenge,PlankChallenge,1
plankchallenge,HollowBodyHold,1
plankchallenge,LegRaises,1
plankchallenge,plankchallenge,1
plankchallenge,PlankChallenge,1
plankchallenge,100PushUpsADay,1
plankchallenge,NoExcuses,1
plankchallenge,HomeFitness,1
plankchallenge,DailyWorkout,1
plankchallenge,core,1
plankchallenge,PlankChallenge,1
plankchallenge,CoreStrength,1
plankchallenge,FitTok,1
plankchallenge,fyp,1
plankchallenge,reto,1
plankchallenge,byguru,1
plankchallenge,9fity,1
plankchallenge,plankchallenge,1
plankchallenge,equipazotiktokspfitymas,1
plankchallenge,plankchallenge,1
plankchallenge,greeknesssweetness,1
plankchallenge,corestrength,1
plankchallenge,CoreStrength,1
plankchallenge,PlankChallenge,1
plankchallenge,FitnessMotivation,1
plankchallenge,TrainSmart,1
plankchallenge,StayConsistent,1
plankchallenge,HomeWorkout,1
plankchallenge,homeworkout,1
plankchallenge,thandarhlaing122,1
plankchallenge,plankchallenge,1
plankchallenge,fyp,1
plankchallenge,plankchallenge,1
plankchallenge,Motivation,1
plankchallenge,saturday,1
plankchallenge,Saturday,1
plankchallenge,October,1
plankchallenge,challenge,1
plankchallenge,plankchallenge,1
plankchallenge,core,1
plankchallenge,plankchallenge,1
plankchallenge,plankdanceworkout,1
plankchallenge,workoutmotivation,1
plankchallenge,teamfitnessmoversgroup,1
plankchallenge,fyp,1
plankchallenge,Duet,1
plankchallenge,duet,1
plankchallenge,plank,1
plankchallenge,plankchallenge,1
plankchallenge,challenge,1
plankchallenge,planchas,1
plankchallenge,plankchallenge,1
plankchallenge,abs,1
plankchallenge,abdomenplano,1
plankchallenge,gym,1
plankchallenge,olahragadirumah,1
plankchallenge,menuadengansehat,1
plankchallenge,plankchallenge,1
plankchallenge,bundaraffy,1
plankchallenge,cahbanyuwangi,1
plankchallenge,povcewe,1
plankchallenge,plankchallenge,1
plankchallenge,1minutechallenge,1
plankchallenge,fyp,1
plankchallenge,viral,1
plankchallenge,taptheduc,1
plankchallenge,workout,1
plankchallenge,squat,1
plankchallenge,hourglassbody,1
plankchallenge,plankchallenge,1
plankchallenge,plankchallenge,1
plankchallenge,pushups,1
plankchallenge,squat,1
plankchallenge,cardioworkout,1
plankchallenge,bellyburnchallenge,1
plankchallenge,fyp,1
plankchallenge,olahraga,1
plankchallenge,dietif,1
plankchallenge,plank,1
plankchallenge,plankchallenge,1
plankchallenge,plankchallenge,1
plankchallenge,fridaynight,1
plankchallenge,october,1
plankchallenge,core,1
plankchallenge,abs,1
plankchallenge,plankchallenge,1
plankchallenge,PlankChallenge,1
plankchallenge,FitnessJourney,1
plankchallenge,CallalaBay,1
plankchallenge,Australia,1
plankchallenge,DailyChallenge,1
plankchallenge,squatchallenge,1
plankchallenge,plankchallenge,1
plankchallenge,fitnesscheck,1
plankchallenge,tabata,1
plankchallenge,protein,1
plankchallenge,dedication,1
plankchallenge,consistency,1
plankchallenge,mustwatch,1
plankchallenge,amazonfinds,1
plankchallenge,dailyfun,1
plankchallenge,sleekflow,1
plankchallenge,startup,1
plankchallenge,plankchallenge,1
plankchallenge,officehumor,1
plankchallenge,officelife,1
plankchallenge,plankchallenge,1
plankchallenge,1million,1
plankchallenge,welcomeback,1
plankchallenge,fitness,1
plankchallenge,Dúo,1
plankchallenge,dúo,1
plankchallenge,roojosdecielo,1
plankchallenge,tiktok,1
plankchallenge,plankchallenge,1
plankchallenge,solo,1
plankchallenge,plankchallenge,1
plankchallenge,reformerpilates,1
plankchallenge,pilateschallenge,1
plankchallenge,reformerinstructor,1
plankchallenge,pilates,1
plankchallenge,plankchallenge,1
plankchallenge,gymmotivation,1
plankchallenge,paratiiiiiiiiiiiiiiiiiiiiiiiiiiiiiii,1
plankchallenge,godisgood,1
plankchallenge,thelifeofashowgirl,1
plankchallenge,TheLifeOfAShowgirl,1
plankchallenge,plankchallenge,1
plankchallenge,danceitout,1
plankchallenge,taylorswift,1
plankchallenge,momstrong,1
plankchallenge,challenge,1
plankchallenge,plankchallenge,1
plankchallenge,core,1
plankchallenge,workout,1
plankchallenge,fitness,1
plankchallenge,plankchallenge,1
plankchallenge,motivationalvideo,1
plankchallenge,viral,1
plankchallenge,планкавкайф,1
plankchallenge,plankchallenge,1
plankchallenge,PlankChallenge,1
plankchallenge,plank,1
plankchallenge,planks,1
plankchallenge,plankchallenge,1
plankchallenge,houstontrainer,1
plankchallenge,plankchallenge,1
plankchallenge,sport,1
plankchallenge,motivationalvideo,1
plankchallenge,fitnessedit,1
plankchallenge,viral,1
plankchallenge,plankchallenge,1
plankchallenge,tanzaniantiktok,1
plankchallenge,rwandatiktok,1
plankchallenge,kenyantiktok,1
plankchallenge,congolaise,1
kardio,darahtinggi,1
kardio,tekanandarahtinggi,1
kardio,jantungsehat,1
kardio,kardio,1
kardio,Fitness,1
kardio,fitness,1
kardio,gym,1
kardio,angkatbeban,1
kardio,bodybuilding,1
kardio,kardio,1
kardio,kardio,1
kardio,bakarlemak,1
kardio,joging,1
kardio,lari,1
kardio,olahraga,1
kardio,kardio,1
kardio,Kardio,1
kardio,AngkatBeban,1
kardio,PolaHidupSehat,1
kardio,fyp,1
kardio,RakeyanSanjaya,1
kardio,separ,1
kardio,tehelnepole,1
kardio,kardio,1
kardio,fyp,1
kardio,dms,1
kardio,CapCut,1
kardio,kardio,1
kardio,fypage,1
kardio,boxingpemula,1
kardio,pemulabarubelajar,1
kardio,fyp,1
kardio,nganjuk24jam,1
kardio,ezbca,1
kardio,nganjuk_jawa_timur,1
kardio,fypシ,1
kardio,displine,1
kardio,staymetal,1
kardio,headbanging,1
kardio,kardio,1
kardio,training,1
kardio,kardio,1
kardio,skipping,1
kardio,exercise,1
kardio,kardio,1
kardio,kinderkrankenschwester,1
kardio,kinderintensiv,1
kardio,kinderintensivstation,1
kardio,kinderkrankenpflege,1
kardio,kardio,1
kardio,lemakperut,1
kardio,kardio,1
kardio,fatburn,1
kardio,fatloss,1
kardio,hempasperutbuncit,1
kardio,workout,1
kardio,kardio,1
kardio,fyp,1
kardio,workoutmotivation,1
kardio,klarforådanse,1
kardio,kardio,1
kardio,mrpoli,1
kardio,fitnes,1
kardio,kardio,1
kardio,sevengym,1
kardio,kosova,1
kardio,ushtrime,1
kardio,kardio,1
kardio,fitness,1
kardio,joging,1
kardio,lari,1
kardio,wisatamagelang,1
kardio,kardio,1
kardio,bakarlemak,1
kardio,olahraga,1
kardio,kardio,1
kardio,CapCut,1
kardio,kardio,1
kardio,jalansantai,1
kardio,jump,1
kardio,jumping,1
kardio,jumpstyle,1
kardio,keşfetteyizzz,1
kardio,motivation,1
kardio,kardio,1
kardio,CrossFit,1
kardio,crossfit,1
kardio,boxing,1
kardio,kardio,1
kardio,axşammeshgi,1
kardio,karabakhfitness,1
kardio,WorkoutMotivation,1
kardio,workoutmotivation,1
kardio,hempasperutbuncit,1
kardio,workout,1
kardio,fyp,1
kardio,kardio,1
kardio,olahragadirumah,1
kardio,bakarkalori,1
kardio,kardio,1
kardio,fyp,1
kardio,semua,1
kardio,pjnhk,1
kardio,jantungsehat,1
kardio,kardio,1
kardio,fyppppppppppppppppppppppp,1
kardio,kardio,1
kardio,energi,1
kardio,healthylifestyle,1
kardio,gula,1
kardio,sehat,1
kardio,Running,1
kardio,kardio,1
kardio,tuban24jam,1
kardio,beranda,1
kardio,fyppppppppppppppppppppppp,1
kardio,CrossFit,1
kardio,crossfit,1
kardio,gym,1
kardio,kardio,1
kardio,CapCut,1
kardio,sports,1
kardio,sehatselalu,1
kardio,laripagi,1
kardio,kardio,1
kardio,olahragadirumah,1
kardio,workout,1
kardio,alatolahraga,1
kardio,kardio,1
kardio,bodygoals,1
kardio,fypppppppppppppp,1
kardio,semangatolahraga,1
kardio,sehatselalu,1
kardio,ayobergerak,1
kardio,aerobic,1
kardio,kardio,1
kardio,pekanbaru,1
kardio,kniebeugen,1
kardio,challeng,1
kardio,sport,1
kardio,sportsprotection,1
kardio,kardio,1
kardio,tredmi,1
kardio,Tredmi,1
kardio,WalkingPad,1
kardio,Rumah,1
kardio,kardio,1
kardio,promoguncancang1010,1
kardio,Viral,1
kardio,viral,1
kardio,kardio,1
kardio,fypppppppppppppp,1
kardio,semangatolahraga,1
kardio,sehatselalu,1
kardio,ayobergerak,1
kardio,aerobic,1
kardio,kardio,1
kardio,pekanbaru,1
kardio,Workout,1
kardio,workout,1
kardio,kardio,1
kardio,olahragadirumah,1
kardio,fyp,1
kardio,4u,1
kardio,siłownia,1
kardio,trening,1
kardio,kardio,1
kardio,gymgirl,1
kardio,dlaciebie,1
kardio,fypage,1
kardio,workoutmotivation,1
kardio,kardio,1
kardio,legday,1
kardio,pemula,1
kardio,klinikum,1
kardio,kardio,1
kardio,pflege,1
kardio,pflegekraft,1
kardio,medizin,1
kardio,krankenhaus,1
kardio,chestpainunit,1
kardio,kardiotraining,1
kardio,notfall,1
kardio,kardio,1
kardio,senam,1
kardio,salamolahraga,1
fityaşam,hardlinenutrition,1
fityaşam,fitness,1
fityaşam,sporcubeslenmesi,1
fityaşam,sağlıklıbeslenme,1
fityaşam,wheyprotein,1
fityaşam,tarif,1
fityaşam,proteinlitarifler,1
fityaşam,kurabiye,1
fityaşam,uzumlukurabiye,1
fityaşam,tarifler,1
fityaşam,spor,1
fityaşam,sporcugıdaları,1
fityaşam,gym,1
fityaşam,protein,1
fityaşam,fityaşam,1
fityaşam,herbalife,1
fityaşam,Herbalife,1
fityaşam,FitYaşam,1
fityaşam,HayaliniYaşa,1
fityaşam,FırsatKapınıÇalıyor,1
fityaşam,Motivasyon,1
fityaşam,yeni,1
fityaşam,garantili,1
fityaşam,diyet,1
fityaşam,fityaşam,1
fityaşam,sağlık,1
fityaşam,diyetisyen,1
fityaşam,fityaşam,1
fityaşam,kaloriaçığı,1
fityaşam,spormotivasyonu,1
fityaşam,fityaşam,1
fityaşam,FitYaşam,1
fityaşam,keşfetteyizzz,1
fityaşam,FormÇayı,1
fityaşam,leeanfitliy,1
fityaşam,gerçeksonuçlar,1
fityaşam,fityaşam,1
fityaşam,sezeryangöbeğineveda,1
fityaşam,başarıhikayesi,1
fityaşam,zayıflama,1
fityaşam,xauraglobal,1
fityaşam,fityaşam,1
fityaşam,blackcoffee,1
fityaşam,xlim,1
fityaşam,plan,1
fityaşam,PLAN,1
fityaşam,sağlıklıyaşam,1
fityaşam,fityaşam,1
fityaşam,beslenmekoçu,1
fityaşam,herbalifeturkiye,1
fityaşam,fityaşam,1
fityaşam,SprintFitLife,1
fityaşam,FitOl,1
fityaşam,FitnessMotivasyonu,1
fityaşam,FitYaşam,1
fityaşam,SporcuBeslenmesi,1
fityaşam,SağlıklıYaşam,1
fityaşam,Motivasyon,1
fityaşam,spor,1
fityaşam,fitness,1
fityaşam,faydalibilgiler,1
fityaşam,saglik,1
fityaşam,sağlıklıbeslenme,1
fityaşam,vücutgeliştirme,1
fityaşam,bicepsday,1
fityaşam,kol,1
fityaşam,bicepscurl,1
fityaşam,fitnesschallenge,1
fityaşam,gymturkiye,1
fityaşam,kas,1
fityaşam,fityaşam,1
fityaşam,personaltrainer,1
fityaşam,PersonalTrainer,1
fityaşam,BireyselAntrenman,1
fityaşam,Motivasyon,1
fityaşam,SporHayattır,1
fityaşam,FitYaşam,1
fityaşam,stayfit,1
fityaşam,limonkürü,1
fityaşam,doğalzayıflama,1
fityaşam,fityaşam,1
fityaşam,ödemattıran,1
fityaşam,kiloverme,1
fityaşam,zayıflama,1
fityaşam,detoks,1
fityaşam,yağyakımı,1
fityaşam,metabolizma,1
fityaşam,sagliklihayat,1
fityaşam,fityaşam,1
fityaşam,sürpriz,1
fityaşam,drslimralife,1
fityaşam,CapCut,1
fityaşam,fityaşam,1
fityaşam,sağlıklıyaşam,1
fityaşam,diyetteyim,1
fityaşam,keşfet,1
fityaşam,formçayı,1
fityaşam,FormÇayı,1
fityaşam,leeanfitliy,1
fityaşam,FitYaşam,1
fityaşam,keşfetteyizzz,1
fityaşam,motivasyon,1
fityaşam,sporbilimi,1
fityaşam,fityaşam,1
fityaşam,miyokin,1
fityaşam,endorfin,1
fityaşam,fypage,1
fityaşam,keşfet,1
fityaşam,rutin,1
fityaşam,fityaşam,1
fityaşam,sağlık,1
fityaşam,beslenme,1
fityaşam,doğalterapi,1
fityaşam,fityaşam,1
fityaşam,gıdailaçtır,1
fityaşam,sıvıbeslenme,1
fityaşam,SıvıBeslenme,1
fityaşam,DetoksGünü,1
fityaşam,HafifBeslenme,1
fityaşam,SağlıklıGün,1
fityaşam,OnlineDiyet,1
fityaşam,DiyetisyenTavsiyesi,1
fityaşam,SağlıklıRutin,1
fityaşam,FitYaşam,1
fityaşam,vloggünü,1
fityaşam,sağlıklıatıştırmalık,1
fityaşam,proteinbar,1
fityaşam,çikolataseverler,1
fityaşam,fityaşam,1
fityaşam,tatlıkrizleri,1
fityaşam,sağlıklıatıştırmalık,1
fityaşam,proteinbar,1
fityaşam,çikolataseverler,1
fityaşam,fityaşam,1
fityaşam,tatlıkrizleri,1
fityaşam,sağlıklıatıştırmalık,1
fityaşam,proteinbar,1
fityaşam,çikolataseverler,1
fityaşam,fityaşam,1
fityaşam,tatlıkrizleri,1
fityaşam,sağlıklıatıştırmalık,1
fityaşam,proteinbar,1
fityaşam,çikolataseverler,1
fityaşam,fityaşam,1
fityaşam,tatlıkrizleri,1
fityaşam,shake,1
fityaşam,ad,1
fityaşam,yaşamtarzı,1
fityaşam,kiloverme,1
fityaşam,fityaşam,1
fityaşam,reklam,1
fityaşam,fyp,1
fityaşam,fityaşam,1
fityaşam,diyet,1
fityaşam,keşfetteyizzz,1
fityaşam,FitYaşam,1
fityaşam,FormÇayı,1
fityaşam,leeanfitliy,1
fityaşam,fityaşam,1
fityaşam,değişim,1
fityaşam,kilokontrolü,1
fityaşam,yaşamkoçu,1
fityaşam,ısparta,1
fityaşam,ısparta,1
fityaşam,yaşamkoçu,1
fityaşam,kilokontrolü,1
fityaşam,değişim,1
fityaşam,fityaşam,1
fityaşam,sağlıklıöğün,1
fityaşam,fitöğle,1
fityaşam,tonbalıklısalata,1
fityaşam,fityaşam,1
fityaşam,reklam,1
fityaşam,zayıflamakahvem,1
fityaşam,ZayıflamaKahvem,1
fityaşam,ForX5CoffeePlus,1
fityaşam,KahveKeyfi,1
fityaşam,FitYaşam,1
fityaşam,SağlıklıBeslenme,1
fityaşam,leeanfitliycoffee,1
fityaşam,LeeanfitliyCoffee,1
fityaşam,sağlıklıyaşam,1
fityaşam,FitYaşam,1
fityaşam,keşfetteyizzz,1
fityaşam,sağlıklıyaşam,1
fityaşam,SağlıklıYaşam,1
fityaşam,DoğalLezzet,1
fityaşam,BeslenmeMotivasyonu,1
fityaşam,FitYaşam,1
fityaşam,güzelik,1
fityaşam,sporcubeslenmesi,1
fityaşam,SprintFitLife,1
fityaşam,KasGelişimi,1
fityaşam,Fitness,1
fityaşam,SporcuBeslenmesi,1
fityaşam,FitYaşam,1
fityaşam,Motivasyon,1
fityaşam,SağlıklıYaşam,1
fityaşam,FitnessMotivasyon,1
fityaşam,fitness,1
fityaşam,spor,1
fityaşam,faydalibilgiler,1
fityaşam,saglik,1
fityaşam,bitkiselprotein,1
fityaşam,fityaşam,1
fityaşam,sağlıklıbeslenme,1
fityaşam,beslenme,1
fityaşam,vücutgeliştirme,1
fityaşam,diyetisyenönerisi,1
fityaşam,sağlıklıbeslenme,1
fityaşam,araöğünönerisi,1
fityaşam,yoğurtbowl,1
fityaşam,fityaşam,1
fityaşam,yağyakıcıdetoks,1
fityaşam,YağYakıcıDetoks,1
fityaşam,HealthyVibes,1
fityaşam,DoğalFormül,1
fityaşam,FitYaşam,1
fityaşam,DetoksZamanı,1
fityaşam,fyp,1
fityaşam,fityaşam,1
fityaşam,diyet,1
fityaşam,keşfet,1
fityaşam,fityaşam,1
fityaşam,kilovermə,1
fityaşam,kiloalma,1
fityaşam,sağlamqida,1
fityaşam,idmanmotivasiya,1
fityaşam,fyp,1
fityaşam,fityaşam,1
fityaşam,diyet,1
fityaşam,fityaşam,1
fityaşam,FitYaşam,1
fityaşam,sağlıklıyaşam,1
fityaşam,leeanfitliy,1
fityaşam,keşfetteyizzz,1
fityaşam,FormÇayı,1
fityaşam,slenderçayı,1
fityaşam,bitkiselçay,1
fityaşam,doğaldestek,1
fityaşam,fityaşam,1
fityaşam,hhsbitkisel,1
fityaşam,fyp,1
fityaşam,fityaşam,1
fityaşam,diyet,1
fityaşam,keşfet,1
fityaşam,herbalifenutrition,1
fityaşam,fityaşam,1
fityaşam,keşfet,1
fityaşam,herbalifeturkiye,1
fityaşam,21daycoffee,1
fityaşam,fityaşam,1
fityaşam,diyet,1
fityaşam,fityaşam,1
fityaşam,kek,1
fityaşam,keşfetteyizzz,1
fityaşam,leeanfitliy,1
fityaşam,sağlıklıyaşam,1
fityaşam,FitYaşam,1
fityaşam,sağlık,1
fityaşam,ödem,1
fityaşam,detox,1
fityaşam,fityaşam,1
fityaşam,kabak,1
mobilite,mobilite,1
mobilite,mobility,1
mobilite,mobilitychallenge,1
mobilite,challengeyoga,1
mobilite,challengemobilite,1
mobilite,yogareel,1
mobilite,coachfonceur,1
mobilite,mindset,1
mobilite,football,1
mobilite,motivation,1
mobilite,discipline,1
mobilite,yamal,1
mobilite,confiance,1
mobilite,cr7,1
mobilite,realmadrid,1
mobilite,mbappe,1
mobilite,ambition,1
mobilite,mental,1
mobilite,succes,1
mobilite,progresser,1
mobilite,footballeur,1
mobilite,coordination,1
mobilite,performance,1
mobilite,nevergiveup,1
mobilite,mobilite,1
mobilite,olympiquedemarseille,1
mobilite,puma,1
mobilite,appuis,1
mobilite,france,1
mobilite,vitesse,1
mobilite,explosivite,1
mobilite,agilite,1
mobilite,collagene,1
mobilite,souplesse,1
mobilite,bienetre,1
mobilite,mobilite,1
mobilite,articulations,1
mobilite,solutionpmr,1
mobilite,mobilite,1
mobilite,Handicap,1
mobilite,Accessibilité,1
mobilite,pmr,1
mobilite,coachfonceur,1
mobilite,mindset,1
mobilite,football,1
mobilite,motivation,1
mobilite,discipline,1
mobilite,yamal,1
mobilite,confiance,1
mobilite,cr7,1
mobilite,realmadrid,1
mobilite,mbappe,1
mobilite,ambition,1
mobilite,mental,1
mobilite,succes,1
mobilite,progresser,1
mobilite,fcbarcelone,1
mobilite,footballeur,1
mobilite,coordination,1
mobilite,performance,1
mobilite,nevergiveup,1
mobilite,mobilite,1
mobilite,olympiquedemarseille,1
mobilite,alonzo,1
mobilite,appuis,1
mobilite,france,1
mobilite,vitesse,1
mobilite,explosivite,1
mobilite,agilite,1
mobilite,finisles,1
mobilite,Yoga,1
mobilite,yoga,1
mobilite,yogi,1
mobilite,mobilite,1
mobilite,YOGAPOSE,1
mobilite,martinique,1
mobilite,renfomusculaire,1
mobilite,souplesse,1
mobilite,polerenfo,1
mobilite,mobilite,1
mobilite,pourtoi,1
mobilite,bienetremental,1
mobilite,bienetrephysique,1
mobilite,mobilite,1
mobilite,assouplissement,1
mobilite,bienetre,1
mobilite,mobilite,1
mobilite,esneme,1
mobilite,esneklik,1
mobilite,yogalife,1
mobilite,yogabody,1
mobilite,yogafit,1
mobilite,mobilité,1
mobilite,mobility,1
mobilite,mobilitymatters,1
mobilite,mobilityexercises,1
mobilite,mobilitytraining,1
mobilite,fitvücut,1
mobilite,yogaforeveryone,1
mobilite,antrenman,1
mobilite,egzersiz,1
mobilite,stretching,1
mobilite,stretchy,1
mobilite,stretchingexercises,1
mobilite,hatay,1
mobilite,düzce,1
mobilite,marmaris,1
mobilite,izmir,1
mobilite,istanbul,1
mobilite,ankara,1
mobilite,antep,1
mobilite,i,1
mobilite,equilibre,1
mobilite,stabilite,1
mobilite,mobilite,1
mobilite,pedales,1
mobilite,solutionpmr,1
mobilite,Handicap,1
mobilite,mobilite,1
mobilite,Accessibilité,1
mobilite,gpexplorer,1
mobilite,GPExplorer,1
mobilite,Mobilite,1
mobilite,OPCOMobilites,1
mobilite,Twitch,1
mobilite,Thelastrace,1
mobilite,brussels,1
mobilite,bruxelles,1
mobilite,pourtoi,1
mobilite,journalist,1
mobilite,belgium,1
mobilite,brussel,1
mobilite,bx1,1
mobilite,metro3,1
mobilite,mobilité,1
mobilite,stib,1
mobilite,mobilite,1
mobilite,mobilite,1
mobilite,MOBILITE,1
mobilite,AUSTRALIA,1
mobilite,ElderlyScooter,1
mobilite,electricwheelchair,1
mobilite,mobilityscooter,1
mobilite,cejourlà,1
mobilite,cejour,1
mobilite,exercice,1
mobilite,mobilite,1
mobilite,hanche,1
mobilite,hemiplegie,1
mobilite,sante,1
mobilite,mobilite,1
mobilite,souplesse,1
mobilite,posture,1
mobilite,quotidien,1
mobilite,hamstringworkout,1
mobilite,hamstringstretch,1
mobilite,omurgaegzersizleri,1
mobilite,pilatesworkout,1
mobilite,mobilite,1
mobilite,planche,1
mobilite,gainage,1
mobilite,mobilite,1
mobilite,mfrbalan,1
mobilite,mobilite,1
mobilite,canada,1
mobilite,apprentis,1
mobilite,gastronomie,1
mobilite,mobilite,1
mobilite,souplesse,1
mobilite,stretching,1
mobilite,fyp,1
mobilite,pourtoi,1
mobilite,fyp,1
mobilite,pourtoi,1
mobilite,paris,1
mobilite,mobilite,1
mobilite,mobilite,1
mobilite,souplesse,1
mobilite,stretching,1
mobilite,fyp,1
mobilite,foryoupage,1
mobilite,transport,1
mobilite,paris,1
mobilite,mobilite,1
mobilite,bike,1
mobilite,collaboration,1
mobilite,transport,1
mobilite,ad,1
mobilite,trotinette,1
mobilite,top,1
mobilite,blackfriday,1
mobilite,mobilite,1
mobilite,pilatesinstructor,1
mobilite,denge,1
mobilite,stabilite,1
mobilite,mobilite,1
mobilite,oblik,1
mobilite,braceletquantique,1
mobilite,bienetre,1
mobilite,energie,1
mobilite,technologie,1
mobilite,sante,1
mobilite,mobilite,1
mobilite,mobilite,1
mobilite,Mobilite,1
mobilite,santenaturelle,1
mobilite,forever,1
mobilite,coachfonceur,1
mobilite,mindset,1
mobilite,football,1
mobilite,lamineyamal,1
mobilite,motivation,1
mobilite,discipline,1
mobilite,yamal,1
mobilite,confiance,1
mobilite,cr7,1
mobilite,realmadrid,1
mobilite,mbappe,1
mobilite,ambition,1
mobilite,mental,1
mobilite,succes,1
mobilite,progresser,1
mobilite,fcbarcelone,1
mobilite,footballeur,1
mobilite,coordination,1
mobilite,performance,1
mobilite,nevergiveup,1
mobilite,mobilite,1
mobilite,olympiquedemarseille,1
mobilite,liguedeschampions,1
mobilite,greenwood,1
mobilite,france,1
mobilite,vitesse,1
mobilite,explosivite,1
mobilite,agilite,1
mobilite,mobilite,1
mobilite,etirement,1
mobilite,muscle,1
mobilite,mobilite,1
mobilite,Mobilite,1
mobilite,santenaturelle,1
mobilite,forever,1
spormotivasyonu,75hardchallenge,1
spormotivasyonu,75hardvlog,1
spormotivasyonu,kilovermesürecim,1
spormotivasyonu,spormotivasyonu,1
spormotivasyonu,diyetisyen,1
spormotivasyonu,diyetisyen,1
spormotivasyonu,fityaşam,1
spormotivasyonu,kaloriaçığı,1
spormotivasyonu,spormotivasyonu,1
spormotivasyonu,75hardchallenge,1
spormotivasyonu,75hardvlog,1
spormotivasyonu,kilovermesürecim,1
spormotivasyonu,sağlıklıtarifler,1
spormotivasyonu,spormotivasyonu,1
spormotivasyonu,dragonfitnessclub,1
spormotivasyonu,diyarbakır,1
spormotivasyonu,kayapınar,1
spormotivasyonu,fitness,1
spormotivasyonu,spor,1
spormotivasyonu,egzersiz,1
spormotivasyonu,pilates,1
spormotivasyonu,boks,1
spormotivasyonu,crossfit,1
spormotivasyonu,GymLife,1
spormotivasyonu,workout,1
spormotivasyonu,fitfam,1
spormotivasyonu,fitnessmotivation,1
spormotivasyonu,fitlife,1
spormotivasyonu,fitnessjourney,1
spormotivasyonu,spormotivasyonu,1
spormotivasyonu,diyarbakırfitness,1
spormotivasyonu,diyarbakırgym,1
spormotivasyonu,spormotivasyonu,1
spormotivasyonu,fitnessmotivation,1
spormotivasyonu,gymturkey,1
spormotivasyonu,yağyakımı,1
spormotivasyonu,fitnesstürkiye,1
spormotivasyonu,Fitness,1
spormotivasyonu,fitness,1
spormotivasyonu,spor,1
spormotivasyonu,TikTokFitness,1
spormotivasyonu,motivation,1
spormotivasyonu,SporMotivasyonu,1
spormotivasyonu,Fitness,1
spormotivasyonu,sportsontiktok,1
spormotivasyonu,SporMotivasyonu,1
spormotivasyonu,Spor,1
spormotivasyonu,FlexTime,1
spormotivasyonu,spormotivasyonu,1
spormotivasyonu,yenidenbaşla,1
spormotivasyonu,fitolmak,1
spormotivasyonu,değişimzamanı,1
spormotivasyonu,sporyolculuğu,1
spormotivasyonu,75hardchallenge,1
spormotivasyonu,spormotivasyonu,1
spormotivasyonu,75hardvlog,1
spormotivasyonu,kilovermesürecim,1
spormotivasyonu,diyetisyen,1
spormotivasyonu,Fitness,1
spormotivasyonu,fitness,1
spormotivasyonu,gym,1
spormotivasyonu,workout,1
spormotivasyonu,fitlife,1
spormotivasyonu,training,1
spormotivasyonu,fitnessmotivation,1
spormotivasyonu,fitspo,1
spormotivasyonu,strong,1
spormotivasyonu,GymLife,1
spormotivasyonu,spormotivasyonu,1
spormotivasyonu,motivation,1
spormotivasyonu,workoutmotivation,1
spormotivasyonu,healthylifestyle,1
spormotivasyonu,75hardchallenge,1
spormotivasyonu,spormotivasyonu,1
spormotivasyonu,75hardvlog,1
spormotivasyonu,kilovermesürecim,1
spormotivasyonu,diyetisyen,1
spormotivasyonu,spor,1
spormotivasyonu,fitness,1
spormotivasyonu,TikTokFitness,1
spormotivasyonu,SporMotivasyonu,1
spormotivasyonu,motivation,1
spormotivasyonu,75hardchallenge,1
spormotivasyonu,75hardvlog,1
spormotivasyonu,spormotivasyonu,1
spormotivasyonu,kilovermesürecim,1
spormotivasyonu,diyetisyen,1
spormotivasyonu,75hardchallenge,1
spormotivasyonu,75hardvlog,1
spormotivasyonu,spormotivasyonu,1
spormotivasyonu,kilovermesürecim,1
spormotivasyonu,diyetisyen,1
spormotivasyonu,fyp,1
spormotivasyonu,s,1
spormotivasyonu,spormotivasyonuy,1
spormotivasyonu,yarışmahazırlığıb,1
spormotivasyonu,bodybuildingd,1
spormotivasyonu,discipline,1
spormotivasyonu,spor,1
spormotivasyonu,fitness,1
spormotivasyonu,gym,1
spormotivasyonu,motivasyon,1
spormotivasyonu,workout,1
spormotivasyonu,keşfet,1
spormotivasyonu,keşfetteyim,1
spormotivasyonu,fyp,1
spormotivasyonu,keşfetbeni,1
spormotivasyonu,sporhayatı,1
spormotivasyonu,fitlife,1
spormotivasyonu,güç,1
spormotivasyonu,antrenman,1
spormotivasyonu,sporvakti,1
spormotivasyonu,bodybuilding,1
spormotivasyonu,keşfetedüş,1
spormotivasyonu,türkiyetiktok,1
spormotivasyonu,motivasyonvideosu,1
spormotivasyonu,spormotivasyonu,1
spormotivasyonu,vücutgeliştirme,1
spormotivasyonu,barfiks,1
spormotivasyonu,şınav,1
spormotivasyonu,dayanıklılık,1
spormotivasyonu,sınırlarınızorla,1
spormotivasyonu,gymmotivation,1
spormotivasyonu,sporcu,1
spormotivasyonu,power,1
spormotivasyonu,fitolmak,1
spormotivasyonu,motivasyonzamanı,1
spormotivasyonu,sporsarkısı,1
spormotivasyonu,enerji,1
spormotivasyonu,gymvibes,1
spormotivasyonu,fitinspiration,1
spormotivasyonu,hedefeodaklan,1
spormotivasyonu,keşfetbeniöneçıkar,1
spormotivasyonu,spor,1
spormotivasyonu,fitness,1
spormotivasyonu,TikTokFitness,1
spormotivasyonu,SporMotivasyonu,1
spormotivasyonu,motivation,1
spormotivasyonu,75hardchallenge,1
spormotivasyonu,75hardvlog,1
spormotivasyonu,spormotivasyonu,1
spormotivasyonu,kilovermesürecim,1
spormotivasyonu,sağlıklıyaşam,1
spormotivasyonu,sağlıklıyaşam,1
spormotivasyonu,75hardchallenge,1
spormotivasyonu,spormotivasyonu,1
spormotivasyonu,kilovermesürecim,1
spormotivasyonu,90günchallenge,1
spormotivasyonu,90GünChallenge,1
spormotivasyonu,90GündeDeğişim,1
spormotivasyonu,FitnessJourney,1
spormotivasyonu,SporMotivasyonu,1
spormotivasyonu,75hardchallenge,1
spormotivasyonu,75hardvlog,1
spormotivasyonu,spormotivasyonu,1
spormotivasyonu,kilovermesürecim,1
spormotivasyonu,sağlıklıyaşam,1
spormotivasyonu,sunalife,1
spormotivasyonu,SunaLife,1
spormotivasyonu,EvdeEgzersiz,1
spormotivasyonu,DuvarAntrenmanı,1
spormotivasyonu,SporMotivasyonu,1
spormotivasyonu,BahaneYok,1
spormotivasyonu,SağlıklıYaşam,1
spormotivasyonu,gymmotivation,1
spormotivasyonu,75hardchallenge,1
spormotivasyonu,75hardvlog,1
spormotivasyonu,spormotivasyonu,1
spormotivasyonu,sağlıklıyaşam,1
foamroller,musclerecovery,1
foamroller,foamroller,1
foamroller,stretch,1
foamroller,GymTok,1
foamroller,homeworkout,1
foamroller,foamroller,1
foamroller,workoutrecovery,1
foamroller,stretch,1
foamroller,homegym,1
foamroller,womenworkout,1
foamroller,musclerecovery,1
foamroller,foamroller,1
foamroller,stretch,1
foamroller,GymTok,1
foamroller,homeworkout,1
foamroller,foamroller,1
foamroller,workoutrecovery,1
foamroller,stretch,1
foamroller,homeworkout,1
foamroller,homegym,1
foamroller,foamroller,1
foamroller,workoutrecovery,1
foamroller,womenworkout,1
foamroller,homegym,1
foamroller,stretch,1
foamroller,foamroller,1
foamroller,fitness,1
foamroller,recovery,1
foamroller,foamroller,1
foamroller,foamrollerworkout,1
foamroller,foamrollerroutine,1
foamroller,musclerecovery,1
foamroller,warmupandcooldown,1
foamroller,bailastudio,1
foamroller,FitTok,1
foamroller,pilates,1
foamroller,foamroller,1
foamroller,fypシ,1
foamroller,foamroller,1
foamroller,ad,1
foamroller,contentcreator,1
foamroller,wellness,1
foamroller,fitness,1
foamroller,muscles,1
foamroller,pilates,1
foamroller,homepilates,1
foamroller,foamroller,1
foamroller,reformerpilates,1
foamroller,workout,1
foamroller,foamroller,1
foamroller,FoamRoller,1
foamroller,CoreStrength,1
foamroller,PelvicHealth,1
foamroller,PhysicalTherapy,1
foamroller,FrogPose,1
foamroller,폼롤러운동,1
foamroller,스트레칭,1
foamroller,홈트,1
foamroller,homeworkout,1
foamroller,foamroller,1
foamroller,fypage,1
foamroller,foamroller,1
foamroller,trainingday,1
foamroller,pelarikonten,1
foamroller,energiafemenina,1
foamroller,cuerpofuerte,1
foamroller,pilates,1
foamroller,foamroller,1
foamroller,musculo,1
foamroller,shouldermobility,1
foamroller,foamroller,1
foamroller,stretch,1
foamroller,catcow,1
foamroller,anahatasana,1
foamroller,foamroller,1
foamroller,futsal,1
foamroller,sukan,1
foamroller,recovery,1
foamroller,massage,1
foamroller,foamroller,1
foamroller,ad,1
foamroller,FoamRoller,1
foamroller,MuscleRecovery,1
foamroller,DeepTissueMassage,1
foamroller,homeworkout,1
foamroller,GymTok,1
foamroller,foamroller,1
foamroller,posture,1
foamroller,mobility,1
foamroller,kursusrenang,1
foamroller,atletrenang,1
foamroller,lesrenang,1
foamroller,foamroller,1
foamroller,stretching,1
foamroller,jump,1
foamroller,foamroller,1
foamroller,corgi,1
foamroller,corgisoftiktok,1
foamroller,stircrazy,1
foamroller,stacchi,1
foamroller,allenamentofemminile,1
foamroller,fitnesstips,1
foamroller,foamroller,1
foamroller,foamroller,1
foamroller,ad,1
foamroller,massage,1
foamroller,selfmassage,1
foamroller,sore,1
foamroller,tiktokshop,1
foamroller,Wellness,1
foamroller,wellness,1
foamroller,foamroller,1
foamroller,fitness,1
bacakgünü,bacakgünü,1
bacakgünü,spor,1
bacakgünü,antrenman,1
bacakgünü,vücutgeliştirme,1
bacakgünü,fitness,1
bacakgünü,gym,1
bacakgünü,legday,1
bacakgünü,bacakgünü,1
bacakgünü,squat,1
bacakgünü,calf,1
bacakgünü,bacakgünü,1
bacakgünü,bacakgünü,1
bacakgünü,antrenman,1
bacakgünü,legday,1
bacakgünü,bacakgünü,1
bacakgünü,gymmotivation,1
bacakgünü,fitness,1
bacakgünü,smithmachine,1
bacakgünü,bacakgünü,1
bacakgünü,gym,1
bacakgünü,GymTok,1
bacakgünü,fyppppppppppppppppppppppp,1
esneme,izmir,1
esneme,pilatesreformer,1
esneme,reformer,1
esneme,esneme,1
esneme,spor,1
esneme,izmir,1
esneme,pilatesreformer,1
esneme,reformer,1
esneme,esneme,1
esneme,spor,1
esneme,streching,1
esneme,esneme,1
esneme,yoga,1
esneme,keşfet,1
esneme,fypage,1
esneme,stretch,1
esneme,esneme,1
esneme,fitness,1
esneme,gymstrech,1
esneme,yoga,1
esneme,yogastretching,1
esneme,motivation,1
esneme,matpilates,1
esneme,pilatesreformer,1
esneme,reformer,1
esneme,esneme,1
esneme,spor,1
esneme,streching,1
esneme,backbend,1
esneme,split,1
esneme,esneme,1
esneme,strech,1
esneme,Yoga,1
esneme,yoga,1
esneme,esneme,1
esneme,stretching,1
esneme,wellness,1
esneme,rahatlama,1
esneme,mobilite,1
esneme,esneme,1
esneme,esneklik,1
esneme,yogalife,1
esneme,yogabody,1
esneme,yogafit,1
esneme,mobilité,1
esneme,mobility,1
esneme,mobilitymatters,1
esneme,mobilityexercises,1
esneme,mobilitytraining,1
esneme,fitvücut,1
esneme,yogaforeveryone,1
esneme,antrenman,1
esneme,egzersiz,1
esneme,stretching,1
esneme,stretchy,1
esneme,stretchingexercises,1
esneme,hatay,1
esneme,düzce,1
esneme,marmaris,1
esneme,izmir,1
esneme,istanbul,1
esneme,ankara,1
esneme,antep,1
esneme,i,1
esneme,Yoga,1
esneme,yoga,1
esneme,esneme,1
esneme,sabahrutini,1
esneme,iyiyaşam,1
esneme,esneme,1
esneme,streching,1
esneme,yoga,1
esneme,spor,1
esneme,gym,1
esneme,günlükrutin,1
esneme,esneme,1
esneme,esnemehareketleri,1
esneme,esneme,1
esneme,Esneme,1
esneme,strechingday,1
esneme,streching,1
esneme,esneme,1
esneme,pilates,1
esneme,fyppppppppppppppppppppppp,1
esneme,sırtagrısı,1
esneme,belagrısı,1
esneme,esneme,1
esneme,stretching,1
esneme,mobility,1
esneme,spor,1
esneme,yoga,1
esneme,sağlıklıbeslenme,1
esneme,sağlıklıyaşam,1
esneme,sağlıklıyaşıyoruz,1
esneme,sağlıklıkiloverme,1
esneme,esneme,1
esneme,fypage,1
esneme,belağrısı,1
esneme,sırtağrısı,1
esneme,pilates,1
esneme,esneme,1
esneme,pilateslovers,1
esneme,esneme,1
esneme,yoga,1
esneme,worldsgreateststretch,1
esneme,keşfet,1
esneme,streching,1
esneme,healthylifewithbg,1
esneme,duruşbozukluğu,1
esneme,skolyoz,1
esneme,postü,1
esneme,esneme,1
esneme,fizyoterapi,1
esneme,sporcu,1
esneme,esneme,1
esneme,capcutvelocity,1
esneme,keşfet,1
esneme,Yoga,1
esneme,yoga,1
esneme,esneme,1
esneme,esnemehareketleri,1
esneme,belagrısınason,1
esneme,belesnetme,1
fonksiyonelantrenman,fonksiyonelantrenman,1
fonksiyonelantrenman,glute,1
fonksiyonelantrenman,leg,1
fonksiyonelantrenman,girlssupportgirls,1
fonksiyonelantrenman,fitnessmovementinstitue,1
fonksiyonelantrenman,personaltrainer,1
fonksiyonelantrenman,fonksiyonelantrenman,1
fonksiyonelantrenman,functionaltraining,1
fonksiyonelantrenman,pilateseğitmenliği,1
fonksiyonelantrenman,fonksiyonelantrenman,1
fonksiyonelantrenman,FonksiyonelAntrenman,1
fonksiyonelantrenman,TRXWorkout,1
fonksiyonelantrenman,GüçlüVücut,1
fonksiyonelantrenman,EvdeSpor,1
fonksiyonelantrenman,FitnessMotivation,1
fonksiyonelantrenman,cardio,1
fonksiyonelantrenman,spor,1
fonksiyonelantrenman,fonksiyonelantrenman,1
fonksiyonelantrenman,antrenman,1
fonksiyonelantrenman,sağlıklıyaşam,1
fonksiyonelantrenman,fonksiyonelantrenman,1
fonksiyonelantrenman,FonksiyonelAntrenman,1
fonksiyonelantrenman,DoğadaSpor,1
fonksiyonelantrenman,FullBodyWorkout,1
fonksiyonelantrenman,OutdoorTraining,1
fonksiyonelantrenman,Motivation,1
fonksiyonelantrenman,doğudemirkol,1
fonksiyonelantrenman,doğu,1
fonksiyonelantrenman,sporsalonu,1
fonksiyonelantrenman,fonksiyonelantrenman,1
fonksiyonelantrenman,sağlıklıyaşam,1
sporchallenge,foryou,1
sporchallenge,fyp,1
sporchallenge,sporchallenge,1
sporchallenge,workout,1
sporchallenge,volleyball,1
kuvvetantrenmanı,voleybol,1
kuvvetantrenmanı,antrenman,1
kuvvetantrenmanı,kuvvetantrenmanı,1
kuvvetantrenmanı,keşfet,1
antrenmansonrası,losin,1
antrenmansonrası,bcaa,1
antrenmansonrası,sporcubeslenmesi,1
antrenmansonrası,antrenmansonrası,1
antrenmansonrası,kasonarımı,1
antrenmansonrası,eaa,1
antrenmansonrası,protein,1
antrenmansonrası,sporcudestek,1
antrenmansonrası,supplementbilgisi,1
antrenmansonrası,kasgelişimi,1
antrenmansonrası,recovery,1
antrenmansonrası,gymturkiye,1
antrenmansonrası,diyetisyenönerisi,1
antrenmansonrası,sporcuöğünü,1
antrenmansonrası,proteinseçimi,1
antrenmansonrası,wheyprotein,1
antrenmansonrası,kazein,1
antrenmansonrası,sporbeslenmesi,1
antrenmansonrası,fitbeslenme,1
antrenmansonrası,kasyapımı,1
antrenmansonrası,antrenmansonrası,1
antrenmansonrası,sporcutakviyesi,1
antrenmansonrası,diyetisyentavsiyesi,1
antrenmansonrası,bilimlediyet,1
antrenmansonrası,beslenmeuzmanı,1
antrenmansonrası,sporadestek,1
antrenmansonrası,sağlıklıyaşam,1
antrenmansonrası,diyetisyenagehan,1
fitkızlar,fitkızlar,1
fitkızlar,sağlıklıyaşam,1
fitkızlar,GlowUp,1
fitkızlar,miniktüyolar,1
fitkızlar,keşfetteyizzz,1
kalçaantrenmanı,glutesworkout,1
kalçaantrenmanı,glutes,1
kalçaantrenmanı,kalçaantrenmanı,1
kalçaantrenmanı,glutesday,1
kalçaantrenmanı,keşfet,1
